,coef,se
Intercept,173.2499999999996,3.657801680792811e-12
C(driver_id)[T.D-02],94.74999999999994,8.806815209983784e-13
C(driver_id)[T.D-03],94.74999999999991,8.95660005714649e-13
C(driver_id)[T.D-04],121.55000000000001,1.0240334237355914e-12
avg_speed_kmh,-1.1962653090336062e-13,1.9896033134344173e-13
stops_per_km,-1.0658141036401503e-14,8.05804985367118e-13
