variable,VIF,model,service
low_speed_share,1.1609820265343895,H4,svc12
distance_km,6.745317537858037,H4,svc12
stops,6.460194289365524,H4,svc12
