variable,VIF,model,service
stops,6.4601942893655195,H2,svc12
distance_km,6.745317537858037,H2,svc12
low_speed_share,1.1609820265343895,H2,svc12
