variable,VIF,model,service
low_speed_share,1.865319493668953,H4,svc18
distance_km,10.451582512660936,H4,svc18
stops,8.261954580755212,H4,svc18
