variable,VIF,model,service
stops,8.261954580755198,H2,svc18
distance_km,10.451582512660936,H2,svc18
low_speed_share,1.8653194936689521,H2,svc18
